# Blue Robotics T500 thruster, 18 V. Source: T500-Public-Performance-Data-12-24V-August-2022.xlsx, sheet '18 V'.
# Manufacturer data, unmodified. force_kgf is thrust in kilograms-force (negative = reverse).
pwm_us,force_kgf
1100,-7.26
1104,-7.17
1108,-7.07
1112,-6.97
1116,-6.88
1120,-6.78
1124,-6.68
1128,-6.59
1132,-6.49
1136,-6.39
1140,-6.29
1144,-6.21
1148,-6.11
1152,-6.01
1156,-5.91
1160,-5.8
1164,-5.7
1168,-5.6
1172,-5.51
1176,-5.41
1180,-5.32
1184,-5.22
1188,-5.13
1192,-5.03
1196,-4.93
1200,-4.83
1204,-4.74
1208,-4.64
1212,-4.55
1216,-4.46
1220,-4.36
1224,-4.28
1228,-4.19
1232,-4.1
1236,-4.01
1240,-3.92
1244,-3.84
1248,-3.74
1252,-3.66
1256,-3.57
1260,-3.49
1264,-3.41
1268,-3.32
1272,-3.24
1276,-3.16
1280,-3.07
1284,-2.99
1288,-2.91
1292,-2.83
1296,-2.75
1300,-2.67
1304,-2.6
1308,-2.53
1312,-2.45
1316,-2.38
1320,-2.3
1324,-2.23
1328,-2.17
1332,-2.1
1336,-2.03
1340,-1.97
1344,-1.9
1348,-1.84
1352,-1.77
1356,-1.71
1360,-1.64
1364,-1.58
1368,-1.52
1372,-1.45
1376,-1.39
1380,-1.33
1384,-1.27
1388,-1.21
1392,-1.15
1396,-1.09
1400,-1.02
1404,-0.96
1408,-0.9
1412,-0.84
1416,-0.79
1420,-0.73
1424,-0.68
1428,-0.62
1432,-0.57
1436,-0.52
1440,-0.47
1444,-0.42
1448,-0.37
1452,-0.32
1456,-0.27
1460,-0.22
1464,-0.17
1468,-0.12
1472,0
1476,0
1480,0
1484,0
1488,0
1492,0
1496,0
1500,0
1504,0
1508,0
1512,0
1516,0
1520,0
1524,0
1528,0
1532,0.22
1536,0.28
1540,0.34
1544,0.41
1548,0.47
1552,0.53
1556,0.6
1560,0.66
1564,0.72
1568,0.79
1572,0.86
1576,0.93
1580,1
1584,1.08
1588,1.16
1592,1.24
1596,1.32
1600,1.41
1604,1.5
1608,1.59
1612,1.67
1616,1.76
1620,1.84
1624,1.93
1628,2.01
1632,2.1
1636,2.19
1640,2.28
1644,2.37
1648,2.46
1652,2.56
1656,2.65
1660,2.74
1664,2.84
1668,2.93
1672,3.03
1676,3.13
1680,3.25
1684,3.36
1688,3.47
1692,3.59
1696,3.7
1700,3.82
1704,3.94
1708,4.07
1712,4.19
1716,4.31
1720,4.43
1724,4.55
1728,4.68
1732,4.8
1736,4.92
1740,5.05
1744,5.18
1748,5.31
1752,5.45
1756,5.58
1760,5.71
1764,5.85
1768,5.98
1772,6.12
1776,6.25
1780,6.38
1784,6.52
1788,6.66
1792,6.8
1796,6.94
1800,7.09
1804,7.23
1808,7.38
1812,7.51
1816,7.65
1820,7.79
1824,7.93
1828,8.08
1832,8.22
1836,8.38
1840,8.52
1844,8.68
1848,8.84
1852,8.98
1856,9.12
1860,9.25
1864,9.39
1868,9.53
1872,9.67
1876,9.81
1880,9.95
1884,10.09
1888,10.23
1892,10.38
1896,10.52
1900,10.66
